SID,P,A,O,C
0WvYtQ9OJyZJBjuRh0ENTZVbgN0,http://eulersharp.sourceforge.net/try#p1,,http://eulersharp.sourceforge.net/try#u001,
0WvYtQ9OJyZJBjuRh0ENTZVbgN0,http://eulersharp.sourceforge.net/try#p2,,http://eulersharp.sourceforge.net/try#u002,
0WvYtQ9OJyZJBjuRh0ENTZVbgN0,http://eulersharp.sourceforge.net/try#p3,,"v003",
0WvYtQ9OJyZJBjuRh0ENTZVbgN0,http://eulersharp.sourceforge.net/try#p4,,404,
0WvYtQ9OJyZJBjuRh0ENTZVbgN0,http://eulersharp.sourceforge.net/try#p5,,"v005",
0WvYtQ9OJyZJBjuRh0ENTZVbgN0,http://eulersharp.sourceforge.net/try#p6,,"v006,w006",
0WvYtQ9OJyZJBjuRh0ENTZVbgN0,http://eulersharp.sourceforge.net/try#p7,,"",
0WvYtQ9OJyZJBjuRh0ENTZVbgN0,http://eulersharp.sourceforge.net/try#p8,,"""8""",
0WvYtQ9OJyZJBjuRh0ENTZVbgN0,http://eulersharp.sourceforge.net/try#p9,,"\tthis is a\ntest",
0WvYtQ9OJyZJBjuRh0ENTZVbgN0,http://eulersharp.sourceforge.net/try#p10,,"abc010",
0WvYtQ9OJyZJBjuRh0ENTZVbgN0,http://eulersharp.sourceforge.net/try#p11,," def011  ",
0WvYtQ9OJyZJBjuRh0ENTZVbgN0,http://eulersharp.sourceforge.net/try#p12,,_:e_a012_1,
0WvYtQ9OJyZJBjuRh0ENTZVbgN0,http://eulersharp.sourceforge.net/try#p13,,_:bn_2,
0WvYtQ9OJyZJBjuRh0ENTZVbgN0,http://eulersharp.sourceforge.net/try#p14,,14,
0WvYtQ9OJyZJBjuRh0ENTZVbgN0,http://eulersharp.sourceforge.net/try#p15,,1.555555555555555,
0WvYtQ9OJyZJBjuRh0ENTZVbgN0,http://eulersharp.sourceforge.net/try#p16,,2016-08-10T20:16:53+02:00,
0WvYtQ9OJyZJBjuRh0ENTZVbgN0,http://eulersharp.sourceforge.net/try#p17,,"case 17",
